Date,CSCSI20
2025-05-02T15:00:00,28209.1
2025-05-01T15:00:00,28065.52
2025-04-30T15:00:00,27049.76
2025-04-29T15:00:00,27967.23
2025-04-28T15:00:00,27769.6
2025-04-25T15:00:00,28085.93
2025-04-24T15:00:00,27376.43
2025-04-23T15:00:00,27540.45
2025-04-22T15:00:00,26139.94
2025-04-17T15:00:00,24436.02
2025-04-16T15:00:00,24472.47
2025-04-15T15:00:00,24945.44
2025-04-14T15:00:00,25416.31
2025-04-11T15:00:00,24199.66
2025-04-10T15:00:00,23995.71
2025-04-09T15:00:00,22698.28
2025-04-08T15:00:00,23651.99
2025-04-07T15:00:00,23311.22
2025-04-04T15:00:00,25585.76
2025-04-03T15:00:00,25212.36
2025-04-02T15:00:00,26661.16
2025-04-01T15:00:00,26476.81
2025-03-31T15:00:00,26186.21
2025-03-28T16:00:00,26963.03
2025-03-27T16:00:00,28529.9
2025-03-26T16:00:00,28550.62
2025-03-25T16:00:00,28982.82
2025-03-24T16:00:00,28873.44
2025-03-21T16:00:00,27267.31
2025-03-20T16:00:00,27687.94
2025-03-19T16:00:00,28015.94
2025-03-18T16:00:00,26506.82
2025-03-17T16:00:00,26954.52
2025-03-14T16:00:00,27269.64
2025-03-13T16:00:00,26347.43
2025-03-12T16:00:00,26007.83
2025-03-11T16:00:00,26193
2025-03-10T16:00:00,26858.74
2025-03-07T16:00:00,30248.25
2025-03-06T16:00:00,30718.62
2025-03-05T16:00:00,29801.42
2025-03-04T16:00:00,27919.59
2025-03-03T16:00:00,31248.66
2025-02-28T16:00:00,29079.94
2025-02-27T16:00:00,29937.5
2025-02-26T16:00:00,30432.13
2025-02-25T16:00:00,29309.27
2025-02-24T16:00:00,32223.79
2025-02-21T16:00:00,34264.08
2025-02-20T16:00:00,33578.45
2025-02-19T16:00:00,33241.99
2025-02-18T16:00:00,32608.7
2025-02-17T16:00:00,34049.4
2025-02-14T16:00:00,34109.28
2025-02-13T16:00:00,33344.13
2025-02-12T16:00:00,32840.38
2025-02-11T16:00:00,33687.1
2025-02-10T16:00:00,33263.48
2025-02-07T16:00:00,33698.18
2025-02-06T16:00:00,33111.97
2025-02-05T16:00:00,34004.38
2025-02-04T16:00:00,34318.27
2025-02-03T16:00:00,33596.74
2025-01-31T16:00:00,40447.2
2025-01-30T16:00:00,39929.29
2025-01-29T16:00:00,37792.87
2025-01-28T16:00:00,38775.12
2025-01-27T16:00:00,38152.6
2025-01-24T16:00:00,40981.55
2025-01-23T16:00:00,39995.02
2025-01-22T16:00:00,40345.87
2025-01-21T16:00:00,40082.07
2025-01-20T16:00:00,41368.77
2025-01-17T16:00:00,42152.65
2025-01-16T16:00:00,40257.5
2025-01-15T16:00:00,39964.69
2025-01-14T16:00:00,38005.24
2025-01-13T16:00:00,36321.98
2025-01-10T16:00:00,37622.53
2025-01-09T16:00:00,37781.77
2025-01-08T16:00:00,38732.98
2025-01-07T16:00:00,40751.1
2025-01-06T16:00:00,42685.76
2025-01-03T16:00:00,41187.62
2025-01-02T16:00:00,39812.05
2024-12-31T16:00:00,38595.01
2024-12-30T16:00:00,37212.46
2024-12-27T16:00:00,38158.1
2024-12-24T16:00:00,40319.16
2024-12-23T16:00:00,37686.3
2024-12-20T16:00:00,38558.91
2024-12-19T16:00:00,41129.75
2024-12-18T16:00:00,43859.65
2024-12-17T16:00:00,45098.31
2024-12-16T16:00:00,45127.19
2024-12-13T16:00:00,45150.3
2024-12-12T16:00:00,45426.39
2024-12-11T16:00:00,43843.33
2024-12-10T16:00:00,41269.36
2024-12-09T16:00:00,44492.68
2024-12-06T16:00:00,46002.92
2024-12-05T16:00:00,46203.77
2024-12-04T16:00:00,45338.19
2024-12-03T16:00:00,42817.1
2024-12-02T16:00:00,42629.58
2024-11-29T16:00:00,41496.85
2024-11-28T16:00:00,39356.79
2024-11-27T16:00:00,39848.23
2024-11-26T16:00:00,37555.52
2024-11-25T16:00:00,39497.76
2024-11-22T16:00:00,35825.14
2024-11-21T16:00:00,34405.38
2024-11-20T16:00:00,33857.04
2024-11-19T16:00:00,33183.36
2024-11-18T16:00:00,33364.16
2024-11-15T16:00:00,30562.63
2024-11-14T16:00:00,30408.99
2024-11-13T16:00:00,32217.56
2024-11-12T16:00:00,31387.14
2024-11-11T16:00:00,30823.11
2024-11-08T16:00:00,27338.05
2024-11-07T16:00:00,26631.21
2024-11-06T16:00:00,25701.93
2024-11-05T16:00:00,23900.78
2024-11-04T16:00:00,23503.81
2024-11-01T16:00:00,24624.53
2024-10-31T16:00:00,24951.73
2024-10-30T16:00:00,25791.6
2024-10-29T16:00:00,25682.84
2024-10-28T16:00:00,24415.25
2024-10-25T15:00:00,25024.76
2024-10-24T15:00:00,24860.15
2024-10-23T15:00:00,24758.93
2024-10-22T15:00:00,25226.18
2024-10-21T15:00:00,25293.14
2024-10-18T15:00:00,25183.85
2024-10-17T15:00:00,24762.15
2024-10-16T15:00:00,25110.74
2024-10-15T15:00:00,25110.24
2024-10-14T15:00:00,24884.53
2024-10-11T15:00:00,23352.07
2024-10-10T15:00:00,22775.72
2024-10-09T15:00:00,23226.35
2024-10-08T15:00:00,23500.69
2024-10-07T15:00:00,24163.08
2024-10-04T15:00:00,23083.57
2024-10-03T15:00:00,22670.31
2024-10-02T15:00:00,23283.01
2024-10-01T15:00:00,24316.58
2024-09-30T15:00:00,24821.13
2024-09-27T15:00:00,25756.66
2024-09-26T15:00:00,25247.93
2024-09-25T15:00:00,24786.88
2024-09-24T15:00:00,24354.9
2024-09-23T15:00:00,24366.21
2024-09-20T15:00:00,23711.29
2024-09-19T15:00:00,23235.64
2024-09-18T15:00:00,21701.79
2024-09-17T15:00:00,22145.03
2024-09-16T15:00:00,21555.93
2024-09-13T15:00:00,22227.07
2024-09-12T15:00:00,22137.46
2024-09-11T15:00:00,21393.12
2024-09-10T15:00:00,21755.75
2024-09-09T15:00:00,21202.55
2024-09-06T15:00:00,20916.13
2024-09-05T15:00:00,21559.09
2024-09-04T15:00:00,21575.03
2024-09-03T15:00:00,21852.74
2024-09-02T15:00:00,22117.35
2024-08-30T15:00:00,22466.37
2024-08-29T15:00:00,23235.29
2024-08-28T15:00:00,22851.34
2024-08-27T15:00:00,23713.36
2024-08-23T15:00:00,24093.62
2024-08-22T15:00:00,23490.93
2024-08-21T15:00:00,22972.42
2024-08-20T15:00:00,22897.75
2024-08-19T15:00:00,22340.73
2024-08-16T15:00:00,22250.92
2024-08-15T15:00:00,22968.59
2024-08-14T15:00:00,22887.44
2024-08-13T15:00:00,22896.63
2024-08-12T15:00:00,23022.18
2024-08-09T15:00:00,22919.09
2024-08-08T15:00:00,22142.18
2024-08-07T15:00:00,21435.05
2024-08-06T15:00:00,21774.89
2024-08-05T15:00:00,20499.15
2024-08-02T15:00:00,25670.67
2024-08-01T15:00:00,26003.46
2024-07-31T15:00:00,27096.89
2024-07-30T15:00:00,27153.94
2024-07-29T15:00:00,27853.36
2024-07-26T15:00:00,27357.21
2024-07-25T15:00:00,26306.88
2024-07-24T15:00:00,28114.07
2024-07-23T15:00:00,28239.95
2024-07-22T15:00:00,28419.76
2024-07-19T15:00:00,27969.69
2024-07-18T15:00:00,27698.71
2024-07-17T15:00:00,28166.58
2024-07-16T15:00:00,27474.9
2024-07-15T15:00:00,27075.52
2024-07-12T15:00:00,24836.68
2024-07-11T15:00:00,25072.19
2024-07-10T15:00:00,24705.48
2024-07-09T15:00:00,24493
2024-07-08T15:00:00,24079.42
2024-07-05T15:00:00,23323.97
2024-07-04T15:00:00,24547.61
2024-07-03T15:00:00,26252.79
2024-07-02T15:00:00,27059.45
2024-07-01T15:00:00,27241.42
2024-06-28T15:00:00,26931.37
2024-06-27T15:00:00,27205.59
2024-06-26T15:00:00,26726.09
2024-06-25T15:00:00,26831.71
2024-06-24T15:00:00,26192.77
2024-06-21T15:00:00,27392.61
2024-06-20T15:00:00,27588.22
2024-06-19T15:00:00,27534.36
2024-06-18T15:00:00,26941.27
2024-06-17T15:00:00,28118.61
2024-06-14T15:00:00,28760.77
2024-06-13T15:00:00,29146.89
2024-06-12T15:00:00,30267.95
2024-06-11T15:00:00,29019.61
2024-06-10T15:00:00,30228.45
2024-06-07T15:00:00,32139.04
2024-06-06T15:00:00,32144.47
2024-06-05T15:00:00,31931.55
2024-06-04T15:00:00,31480.45
2024-06-03T15:00:00,31530.37
2024-05-31T15:00:00,31195.54
2024-05-30T15:00:00,31592.18
2024-05-29T15:00:00,31613.55
2024-05-28T15:00:00,31806.04
2024-05-24T15:00:00,31223.72
2024-05-23T15:00:00,31494.5
2024-05-22T15:00:00,31845.03
2024-05-21T15:00:00,32538.36
2024-05-20T15:00:00,29124.46
2024-05-17T15:00:00,29179.02
2024-05-16T15:00:00,28337.77
2024-05-15T15:00:00,27959.64
2024-05-14T15:00:00,26917.54
2024-05-13T15:00:00,27611.99
2024-05-10T15:00:00,27792.63
2024-05-09T15:00:00,27510.41
2024-05-08T15:00:00,28012.26
2024-05-07T15:00:00,28559.85
2024-05-03T15:00:00,28088.35
2024-05-02T15:00:00,27033.3
2024-05-01T15:00:00,26129.14
2024-04-30T15:00:00,27045.25
2024-04-29T15:00:00,28224.98
2024-04-26T15:00:00,28783.47
2024-04-25T15:00:00,28519.83
2024-04-24T15:00:00,29438.74
2024-04-23T15:00:00,30019.02
2024-04-22T15:00:00,29755.9
2024-04-19T15:00:00,28263.3
2024-04-18T15:00:00,27926.44
2024-04-17T15:00:00,27022.09
2024-04-16T15:00:00,27496.39
2024-04-15T15:00:00,28836.86
2024-04-12T15:00:00,32079.62
2024-04-11T15:00:00,32505.27
2024-04-10T15:00:00,32339.41
2024-04-09T15:00:00,33424.05
2024-04-08T15:00:00,34264.93
2024-04-05T15:00:00,32008.98
2024-04-04T15:00:00,32620.1
2024-04-03T15:00:00,32344.02
2024-04-02T15:00:00,31998.64
2024-03-28T16:00:00,34658.15
2024-03-27T16:00:00,34141.1
2024-03-26T16:00:00,34554.82
2024-03-25T16:00:00,34289.07
2024-03-22T16:00:00,31128.68
2024-03-21T16:00:00,32304.63
2024-03-20T16:00:00,30758.82
2024-03-19T16:00:00,30715.06
2024-03-18T16:00:00,32677.35
2024-03-15T16:00:00,34036.45
2024-03-14T16:00:00,35710.44
2024-03-13T16:00:00,36275.54
2024-03-12T16:00:00,35975.03
2024-03-11T16:00:00,36306.71
2024-03-08T16:00:00,34903.68
2024-03-07T16:00:00,34320.28
2024-03-06T16:00:00,33363.44
2024-03-05T16:00:00,34071.96
2024-03-04T16:00:00,32564.48
2024-03-01T16:00:00,29762.32
2024-02-29T16:00:00,30313.58
2024-02-28T16:00:00,29089.01
2024-02-27T16:00:00,27956.64
2024-02-26T16:00:00,26726.15
2024-02-23T16:00:00,25478.35
2024-02-22T16:00:00,25423.75
2024-02-21T16:00:00,25021.48
2024-02-20T16:00:00,25524.12
2024-02-19T16:00:00,25818.27
2024-02-16T16:00:00,25004.6
2024-02-15T16:00:00,25538.67
2024-02-14T16:00:00,25039.51
2024-02-13T16:00:00,23923.11
2024-02-12T16:00:00,23789.84
2024-02-09T16:00:00,23006.59
2024-02-08T16:00:00,22508.94
2024-02-07T16:00:00,21559.58
2024-02-06T16:00:00,21454.27
2024-02-05T16:00:00,21331.15
2024-02-02T16:00:00,21505.81
2024-02-01T16:00:00,21180.06
2024-01-31T16:00:00,21330.6
2024-01-30T16:00:00,21674.33
2024-01-29T16:00:00,20991.11
2024-01-26T16:00:00,20807.22
2024-01-25T16:00:00,20029.43
2024-01-24T16:00:00,20202.9
2024-01-23T16:00:00,19787.11
2024-01-22T16:00:00,20830.26
2024-01-19T16:00:00,21390.67
2024-01-18T16:00:00,22276.98
2024-01-17T16:00:00,22515.51
2024-01-16T16:00:00,22575.5
2024-01-15T16:00:00,22300
2024-01-12T16:00:00,23660.2
2024-01-11T16:00:00,24191.71
2024-01-10T16:00:00,22089.58
2024-01-09T16:00:00,21824.92
2024-01-08T16:00:00,21572.59
2024-01-05T16:00:00,21542.27
2024-01-04T16:00:00,22196.61
2024-01-03T16:00:00,21491.08
2024-01-02T16:00:00,23163.89
2023-12-29T16:00:00,22588.36
2023-12-28T16:00:00,22540.67
2023-12-27T16:00:00,22702.78
2023-12-22T16:00:00,22182.34
2023-12-21T16:00:00,21566
2023-12-20T16:00:00,21558.98
2023-12-19T16:00:00,20768.02
2023-12-18T16:00:00,20346.18
2023-12-15T16:00:00,21059.58
2023-12-14T16:00:00,21215.76
2023-12-13T16:00:00,20804.88
2023-12-12T16:00:00,20614.68
2023-12-11T16:00:00,20455.56
2023-12-08T16:00:00,21305.86
2023-12-07T16:00:00,20581.04
2023-12-06T16:00:00,20382.92
2023-12-05T16:00:00,19676.4
2023-12-04T16:00:00,19456.74
2023-12-01T16:00:00,18491.78
2023-11-30T16:00:00,18089.32
2023-11-29T16:00:00,18086.4
2023-11-28T16:00:00,17988.12
2023-11-27T16:00:00,17841.38
2023-11-24T16:00:00,18470.65
2023-11-23T16:00:00,17960.15
2023-11-22T16:00:00,17642.65
2023-11-21T16:00:00,17586.53
2023-11-20T16:00:00,18346.63
2023-11-17T16:00:00,17420.6
2023-11-16T16:00:00,18308
2023-11-15T16:00:00,18091.88
2023-11-14T16:00:00,17897
2023-11-13T16:00:00,18383.96
2023-11-10T16:00:00,17800.85
2023-11-09T16:00:00,17921.01
2023-11-08T16:00:00,16769.58
2023-11-07T16:00:00,16451.28
2023-11-06T16:00:00,16790.15
2023-11-03T16:00:00,15972.23
2023-11-02T16:00:00,15901.15
2023-11-01T16:00:00,15590.47
2023-10-31T16:00:00,15598.84
2023-10-30T16:00:00,15813.98
2023-10-27T15:00:00,15286.17
2023-10-26T15:00:00,15399.96
2023-10-25T15:00:00,15473.43
2023-10-24T15:00:00,15487.2
2023-10-23T15:00:00,14229.32
2023-10-20T15:00:00,13486.98
2023-10-19T15:00:00,13017.25
2023-10-18T15:00:00,13066.5
2023-10-17T15:00:00,13116.58
2023-10-16T15:00:00,13197.28
2023-10-13T15:00:00,12736.4
2023-10-12T15:00:00,12671.18
2023-10-11T15:00:00,12873.58
2023-10-10T15:00:00,13028.27
2023-10-09T15:00:00,13083.25
2023-10-06T15:00:00,13372.09
2023-10-05T15:00:00,13475.89
2023-10-04T15:00:00,13334.41
2023-10-03T15:00:00,13418.98
2023-10-02T15:00:00,13843.34
2023-09-29T15:00:00,13300.49
2023-09-28T15:00:00,13105.39
2023-09-27T15:00:00,12898.94
2023-09-26T15:00:00,12783.43
2023-09-25T15:00:00,12767.94
2023-09-22T15:00:00,12902.29
2023-09-21T15:00:00,12856.63
2023-09-20T15:00:00,13183.97
2023-09-19T15:00:00,13230.87
2023-09-18T15:00:00,13300.52
2023-09-15T15:00:00,12881.37
2023-09-14T15:00:00,12959.92
2023-09-13T15:00:00,12741.48
2023-09-12T15:00:00,12767.79
2023-09-11T15:00:00,12460.87
2023-09-08T15:00:00,13006.85
2023-09-07T15:00:00,12944.26
2023-09-06T15:00:00,12900.59
2023-09-05T15:00:00,12951.36
2023-09-04T15:00:00,12966.88
2023-09-01T15:00:00,12978.42
2023-08-31T15:00:00,13546.29
2023-08-30T15:00:00,13663.9
2023-08-29T15:00:00,13614.22
2023-08-25T15:00:00,13229.24
2023-08-24T15:00:00,13359.98
2023-08-23T15:00:00,13295.81
2023-08-22T15:00:00,13261.8
2023-08-21T15:00:00,13480.61
2023-08-18T15:00:00,13423.07
2023-08-17T15:00:00,14365.83
2023-08-16T15:00:00,14716.71
2023-08-15T15:00:00,15209.79
2023-08-14T15:00:00,15213.49
2023-08-11T15:00:00,15190.81
2023-08-10T15:00:00,15251.77
2023-08-09T15:00:00,15363.86
2023-08-08T15:00:00,15114.75
2023-08-07T15:00:00,14927.48
2023-08-04T15:00:00,15040.16
2023-08-03T15:00:00,15050
2023-08-02T15:00:00,15166.9
2023-08-01T15:00:00,15075.59
2023-07-31T15:00:00,15379.15
2023-07-28T15:00:00,15492.8
2023-07-27T15:00:00,15446.28
2023-07-26T15:00:00,15197.69
2023-07-25T15:00:00,15200.27
2023-07-24T15:00:00,15134.1
2023-07-21T15:00:00,15705.51
2023-07-20T15:00:00,15835.24
2023-07-19T15:00:00,15500.01
2023-07-18T15:00:00,15407.61
2023-07-17T15:00:00,15595.28
2023-07-14T15:00:00,16369.69
2023-07-13T15:00:00,15074.16
2023-07-12T15:00:00,15143.8
2023-07-11T15:00:00,14996.84
2023-07-10T15:00:00,14866.82
2023-07-07T15:00:00,14903.9
2023-07-06T15:00:00,14786.96
2023-07-05T15:00:00,15000.22
2023-07-04T15:00:00,15457
2023-07-03T15:00:00,15438.88
2023-06-30T15:00:00,14732.63
2023-06-29T15:00:00,14635.49
2023-06-28T15:00:00,14558.8
2023-06-27T15:00:00,14815.92
2023-06-26T15:00:00,14754.21
2023-06-23T15:00:00,14289.57
2023-06-22T15:00:00,14266.67
2023-06-21T15:00:00,13894.09
2023-06-20T15:00:00,12829.78
2023-06-19T15:00:00,12805.37
2023-06-16T15:00:00,12440.55
2023-06-15T15:00:00,12322.87
2023-06-14T15:00:00,12912.62
2023-06-13T15:00:00,12865.97
2023-06-12T15:00:00,12776.89
2023-06-09T15:00:00,13815.99
2023-06-08T15:00:00,13820.78
2023-06-07T15:00:00,13941.08
2023-06-06T15:00:00,13828.54
2023-06-05T15:00:00,14303.61
2023-06-02T15:00:00,14361.25
2023-06-01T15:00:00,14241.26
2023-05-31T15:00:00,14228.88
2023-05-30T15:00:00,14587.05
2023-05-26T15:00:00,14039.11
2023-05-25T15:00:00,13849.37
2023-05-24T15:00:00,13791.25
2023-05-23T15:00:00,14286.08
2023-05-22T15:00:00,14104.52
2023-05-19T15:00:00,14116.37
2023-05-18T15:00:00,14299.87
2023-05-17T15:00:00,14060.7
2023-05-16T15:00:00,14153.58
2023-05-15T15:00:00,14288.13
2023-05-12T15:00:00,13873.89
2023-05-11T15:00:00,14046.58
2023-05-10T15:00:00,14559.57
2023-05-09T15:00:00,14309.52
2023-05-05T15:00:00,15285.55
2023-05-04T15:00:00,15007.98
2023-05-03T15:00:00,14743.1
2023-05-02T15:00:00,14816.74
2023-04-28T15:00:00,15221.79
2023-04-27T15:00:00,15180.21
2023-04-26T15:00:00,15608.87
2023-04-25T15:00:00,14564.66
2023-04-24T15:00:00,14845.21
2023-04-21T15:00:00,15235.88
2023-04-20T15:00:00,15748.37
2023-04-19T15:00:00,16055.52
2023-04-18T15:00:00,16833.67
2023-04-17T15:00:00,16523.6
2023-04-14T15:00:00,16705.97
2023-04-13T15:00:00,16269.52
2023-04-12T15:00:00,15862.55
2023-04-11T15:00:00,15905.88
2023-04-06T15:00:00,15280.44
2023-04-05T15:00:00,15460.22
2023-04-04T15:00:00,15370.03
2023-04-03T15:00:00,15104.48
2023-03-31T15:00:00,15294.82
2023-03-30T15:00:00,15037.39
2023-03-29T15:00:00,15106.49
2023-03-28T15:00:00,14445.8
2023-03-27T15:00:00,14535.79
2023-03-24T16:00:00,14800.79
2023-03-23T16:00:00,15347.98
2023-03-22T16:00:00,15263.38
2023-03-21T16:00:00,15086.92
2023-03-20T16:00:00,14962.7
2023-03-17T16:00:00,14400.69
2023-03-16T16:00:00,13843.73
2023-03-15T16:00:00,13828.51
2023-03-14T16:00:00,14861.97
2023-03-13T16:00:00,13944.47
2023-03-10T16:00:00,11807.85
2023-03-09T16:00:00,12788.24
2023-03-08T16:00:00,12963.67
2023-03-07T16:00:00,13073.25
2023-03-06T16:00:00,13274.69
2023-03-03T16:00:00,13303.14
2023-03-02T16:00:00,13868.1
2023-03-01T16:00:00,14170.13
2023-02-28T16:00:00,14037.15
2023-02-27T16:00:00,14265.65
2023-02-24T16:00:00,14214.96
2023-02-23T16:00:00,14588.08
2023-02-22T16:00:00,14317.68
2023-02-21T16:00:00,14854.07
2023-02-20T16:00:00,15232.98
2023-02-17T16:00:00,14545.8
2023-02-16T16:00:00,14777.99
2023-02-15T16:00:00,13850.46
2023-02-14T16:00:00,13522.59
2023-02-13T16:00:00,13068.09
2023-02-10T16:00:00,13431.43
2023-02-09T16:00:00,14255.11
2023-02-08T16:00:00,14434.51
2023-02-07T16:00:00,14206.98
2023-02-06T16:00:00,14159.01
2023-02-03T16:00:00,14632.88
2023-02-02T16:00:00,14620.71
2023-02-01T16:00:00,13804.26
2023-01-31T16:00:00,13989.56
2023-01-30T16:00:00,14031.9
2023-01-27T16:00:00,13971.11
2023-01-26T16:00:00,14077.87
2023-01-25T16:00:00,13498.32
2023-01-24T16:00:00,14025.82
2023-01-23T16:00:00,13990.51
2023-01-20T16:00:00,13028.09
2023-01-19T16:00:00,12802.95
2023-01-18T16:00:00,13318.45
2023-01-17T16:00:00,13335.07
2023-01-16T16:00:00,13003.01
2023-01-13T16:00:00,11948.89
2023-01-12T16:00:00,11518.37
2023-01-11T16:00:00,11005.51
2023-01-10T16:00:00,11059.89
2023-01-09T16:00:00,11093.81
2023-01-06T16:00:00,10357.47
2023-01-05T16:00:00,10394.24
2023-01-04T16:00:00,10408.92
2023-01-03T16:00:00,10088.01
2022-12-30T16:00:00,9797.79
2022-12-29T16:00:00,9928.76
2022-12-28T16:00:00,9954.96
2022-12-23T16:00:00,10143.5
2022-12-22T16:00:00,9938.72
2022-12-21T16:00:00,10118.11
2022-12-20T16:00:00,10210.25
2022-12-19T16:00:00,10076.18
2022-12-16T16:00:00,10416.55
2022-12-15T16:00:00,10910.11
2022-12-14T16:00:00,11343.84
2022-12-13T16:00:00,11235.47
2022-12-12T16:00:00,10710.23
2022-12-09T16:00:00,10982.3
2022-12-08T16:00:00,10817.3
2022-12-07T16:00:00,10733.16
2022-12-06T16:00:00,10944.34
2022-12-05T16:00:00,11059.64
2022-12-02T16:00:00,11029.68
2022-12-01T16:00:00,10971.48
2022-11-30T16:00:00,10906.94
2022-11-29T16:00:00,10561.68
2022-11-28T16:00:00,10255.85
2022-11-25T16:00:00,10546.78
2022-11-24T16:00:00,10588.18
2022-11-23T16:00:00,10405.01
2022-11-22T16:00:00,10164.51
2022-11-21T16:00:00,10056
2022-11-18T16:00:00,10696.44
2022-11-17T16:00:00,10605.43
2022-11-16T16:00:00,10627.72
2022-11-15T16:00:00,11087.15
2022-11-14T16:00:00,10728.93
2022-11-11T16:00:00,11108.05
2022-11-10T16:00:00,11706.48
2022-11-09T16:00:00,11122.94
2022-11-08T16:00:00,12895.31
2022-11-07T16:00:00,13987.13
2022-11-04T16:00:00,14302.58
2022-11-03T16:00:00,13515.22
2022-11-02T16:00:00,13468.53
2022-11-01T16:00:00,13632.61
2022-10-31T16:00:00,13607.9
2022-10-28T15:00:00,13364.87
2022-10-27T15:00:00,13502.74
2022-10-26T15:00:00,13576
2022-10-25T15:00:00,12495.23
2022-10-24T15:00:00,12191.38
2022-10-21T15:00:00,11849.15
2022-10-20T15:00:00,12145.71
2022-10-19T15:00:00,12135.61
2022-10-18T15:00:00,12276.1
2022-10-17T15:00:00,12392.31
2022-10-14T15:00:00,12283.26
2022-10-13T15:00:00,11553.65
2022-10-12T15:00:00,12176.92
2022-10-11T15:00:00,12153.99
2022-10-10T15:00:00,12546.02
2022-10-07T15:00:00,12727.35
2022-10-06T15:00:00,12920.83
2022-10-05T15:00:00,12715.3
2022-10-04T15:00:00,12969.75
2022-10-03T15:00:00,12513.55
2022-09-30T15:00:00,12743.55
2022-09-29T15:00:00,12329.34
2022-09-28T15:00:00,12465.85
2022-09-27T15:00:00,13103.28
2022-09-26T15:00:00,12622.65
2022-09-23T15:00:00,12309.18
2022-09-22T15:00:00,12405.55
2022-09-21T15:00:00,12587.97
2022-09-20T15:00:00,12517.24
2022-09-19T15:00:00,12640.26
2022-09-16T15:00:00,13097.84
2022-09-15T15:00:00,13540.55
2022-09-14T15:00:00,13783.34
2022-09-13T15:00:00,14039.86
2022-09-12T15:00:00,15150.69
2022-09-09T15:00:00,14662.58
2022-09-08T15:00:00,13616.91
2022-09-07T15:00:00,13094.99
2022-09-06T15:00:00,13872.98
2022-09-05T15:00:00,13607.11
2022-09-02T15:00:00,13897.57
2022-09-01T15:00:00,13288.18
2022-08-31T15:00:00,13614.07
2022-08-30T15:00:00,13358.73
2022-08-26T15:00:00,14364.33
2022-08-25T15:00:00,14646.02
2022-08-24T15:00:00,14324.43
2022-08-23T15:00:00,14340.57
2022-08-22T15:00:00,13793.28
2022-08-19T15:00:00,14339.29
2022-08-18T15:00:00,15914.68
2022-08-17T15:00:00,15782.95
2022-08-16T15:00:00,16181.2
2022-08-15T15:00:00,16415.13
2022-08-12T15:00:00,16294.41
2022-08-11T15:00:00,16669
2022-08-10T15:00:00,16234.61
2022-08-09T15:00:00,15280.24
2022-08-08T15:00:00,16244.32
2022-08-05T15:00:00,15255.35
2022-08-04T15:00:00,14730.41
2022-08-03T15:00:00,15023.3
2022-08-02T15:00:00,14577.65
2022-08-01T15:00:00,15187.69
2022-07-29T15:00:00,15672.92
2022-07-28T15:00:00,14706.48
2022-07-27T15:00:00,13488.95
2022-07-26T15:00:00,12824.32
2022-07-25T15:00:00,13695.9
2022-07-22T15:00:00,14668.24
2022-07-21T15:00:00,13986.95
2022-07-20T15:00:00,14861.55
2022-07-19T15:00:00,14336.36
2022-07-18T15:00:00,13826.01
2022-07-15T15:00:00,12154.22
2022-07-14T15:00:00,11153.19
2022-07-13T15:00:00,10799.4
2022-07-12T15:00:00,11075.15
2022-07-11T15:00:00,11523.39
2022-07-08T15:00:00,12125.97
2022-07-07T15:00:00,11997.25
2022-07-06T15:00:00,11509.43
2022-07-05T15:00:00,11099.86
2022-07-04T15:00:00,11110.14
2022-07-01T15:00:00,10827.86
2022-06-30T15:00:00,10521.78
2022-06-29T15:00:00,11296.65
2022-06-28T15:00:00,12075.46
2022-06-27T15:00:00,11991.95
2022-06-24T15:00:00,12280.69
2022-06-23T15:00:00,11448.58
2022-06-22T15:00:00,11422.81
2022-06-21T15:00:00,11960.06
2022-06-20T15:00:00,11401.57
2022-06-17T15:00:00,10927.96
2022-06-16T15:00:00,11029.4
2022-06-15T15:00:00,11130.8
2022-06-14T15:00:00,11585.26
2022-06-13T15:00:00,11569.43
2022-06-10T15:00:00,15665.91
2022-06-09T15:00:00,16270.95
2022-06-08T15:00:00,16383.22
2022-06-07T15:00:00,16002.73
2022-06-06T15:00:00,17087.75
2022-06-01T15:00:00,17184.2
2022-05-31T15:00:00,17221.1
2022-05-30T15:00:00,16814.19
2022-05-27T15:00:00,15814.99
2022-05-26T15:00:00,16081.35
2022-05-25T15:00:00,16911.39
2022-05-24T15:00:00,16366.07
2022-05-23T15:00:00,17379.07
2022-05-20T15:00:00,16934.62
2022-05-19T15:00:00,16817.88
2022-05-18T15:00:00,16770.97
2022-05-17T15:00:00,17577.35
2022-05-16T15:00:00,17042.1
2022-05-13T15:00:00,18059.29
2022-05-12T15:00:00,15974.71
2022-05-11T15:00:00,18818.06
2022-05-10T15:00:00,20139.48
2022-05-09T15:00:00,20444.33
2022-05-06T15:00:00,22630.81
2022-05-05T15:00:00,24222.33
2022-05-04T15:00:00,23925.19
2022-05-03T15:00:00,23717.94
2022-04-29T15:00:00,24519.75
2022-04-28T15:00:00,24719.71
2022-04-27T15:00:00,24754.07
2022-04-26T15:00:00,25359.42
2022-04-25T15:00:00,25107.4
2022-04-22T15:00:00,26205.83
2022-04-21T15:00:00,27810.68
2022-04-20T15:00:00,27473.56
2022-04-19T15:00:00,27528.05
2022-04-14T15:00:00,26851.6
2022-04-13T15:00:00,27038.14
2022-04-12T15:00:00,26707.51
2022-04-11T15:00:00,26677.36
2022-04-08T15:00:00,29159.89
2022-04-07T15:00:00,28674.9
2022-04-06T15:00:00,29013.65
2022-04-05T15:00:00,30904.57
2022-04-04T15:00:00,31096.15
2022-04-01T15:00:00,30469.31
2022-03-31T15:00:00,30507.21
2022-03-30T15:00:00,30610.49
2022-03-29T15:00:00,31081.91
2022-03-28T15:00:00,30791.55
2022-03-25T16:00:00,28596.86
2022-03-24T16:00:00,28375.31
2022-03-23T16:00:00,27527.11
2022-03-22T16:00:00,27319.7
2022-03-21T16:00:00,26423.59
2022-03-18T16:00:00,25796.63
2022-03-17T16:00:00,25751.87
2022-03-16T16:00:00,25048.69
2022-03-15T16:00:00,24079.18
2022-03-14T16:00:00,24015.76
2022-03-11T16:00:00,24317.34
2022-03-10T16:00:00,24425.62
2022-03-09T16:00:00,25979.88
2022-03-08T16:00:00,24051.91
2022-03-07T16:00:00,24535.66
2022-03-04T16:00:00,25736.97
2022-03-03T16:00:00,26905.38
2022-03-02T16:00:00,27852.31
2022-03-01T16:00:00,27666.03
2022-02-28T16:00:00,25963.51
2022-02-25T16:00:00,24996.01
2022-02-24T16:00:00,22854
2022-02-23T16:00:00,25216.68
2022-02-22T16:00:00,24617.9
2022-02-21T16:00:00,25562.99
2022-02-18T16:00:00,26518.22
2022-02-17T16:00:00,27825.58
2022-02-16T16:00:00,28625.15
2022-02-15T16:00:00,29042.38
2022-02-14T16:00:00,27613.86
2022-02-11T16:00:00,29253.9
2022-02-10T16:00:00,30339.99
2022-02-09T16:00:00,30090.34
2022-02-08T16:00:00,29191.31
2022-02-07T16:00:00,29832.9
2022-02-04T16:00:00,26687.46
2022-02-03T16:00:00,24943.47
2022-02-02T16:00:00,25555.68
2022-02-01T16:00:00,26040.91
2022-01-31T16:00:00,25249.21
2022-01-28T16:00:00,24311.42
2022-01-27T16:00:00,24675.28
2022-01-26T16:00:00,25811.22
2022-01-25T16:00:00,24309.98
2022-01-24T16:00:00,22598.89
2022-01-21T16:00:00,27559.98
2022-01-20T16:00:00,31555.46
2022-01-19T16:00:00,30607.11
2022-01-18T16:00:00,30561.73
2022-01-17T16:00:00,31717.84
2022-01-14T16:00:00,31904.79
2022-01-13T16:00:00,32304.05
2022-01-12T16:00:00,32710.68
2022-01-11T16:00:00,30585.62
2022-01-10T16:00:00,29530.59
2022-01-07T16:00:00,30859.69
2022-01-06T16:00:00,32038.05
2022-01-05T16:00:00,35619.25
2022-01-04T16:00:00,36027.15
2021-12-31T16:00:00,35065.08
2021-12-30T16:00:00,34409.15
2021-12-29T16:00:00,34621.18
2021-12-24T16:00:00,36800.46
2021-12-23T16:00:00,35500.1
2021-12-22T16:00:00,35574.49
2021-12-21T16:00:00,34555.63
2021-12-20T16:00:00,32865.51
2021-12-17T16:00:00,32761.55
2021-12-16T16:00:00,35026.32
2021-12-15T16:00:00,32486.15
2021-12-14T16:00:00,33013.17
2021-12-13T16:00:00,33205.89
2021-12-10T16:00:00,34707.89
2021-12-09T16:00:00,35616.06
2021-12-08T16:00:00,37728.31
2021-12-07T16:00:00,37763.93
2021-12-06T16:00:00,34605.4
2021-12-03T16:00:00,41194.86
2021-12-02T16:00:00,40974.06
2021-12-01T16:00:00,42397.79
2021-11-30T16:00:00,42058.08
2021-11-29T16:00:00,39762.66
2021-11-26T16:00:00,38172.29
2021-11-25T16:00:00,41831.13
2021-11-24T16:00:00,39810.19
2021-11-23T16:00:00,40799.05
2021-11-22T16:00:00,41066.13
2021-11-19T16:00:00,40369.42
2021-11-18T16:00:00,39377.63
2021-11-17T16:00:00,40366.82
2021-11-16T16:00:00,41231.72
2021-11-15T16:00:00,44394.74
2021-11-12T16:00:00,43268.34
2021-11-11T16:00:00,44738.72
2021-11-10T16:00:00,46971.56
2021-11-09T16:00:00,46078.13
2021-11-08T16:00:00,45461.57
2021-11-05T16:00:00,42662.81
2021-11-04T16:00:00,42874.45
2021-11-03T16:00:00,42838.18
2021-11-02T16:00:00,42981.16
2021-11-01T16:00:00,41691.2
2021-10-29T15:00:00,41356.67
2021-10-28T15:00:00,40764.59
2021-10-27T15:00:00,39233.94
2021-10-26T15:00:00,41356.56
2021-10-25T15:00:00,41273.79
2021-10-22T15:00:00,40179.13
2021-10-21T15:00:00,41118.87
2021-10-20T15:00:00,40868.92
2021-10-19T15:00:00,38697.36
2021-10-18T15:00:00,38827.74
2021-10-15T15:00:00,38304
2021-10-14T15:00:00,37855.31
2021-10-13T15:00:00,35430.78
2021-10-12T15:00:00,35807.9
2021-10-11T15:00:00,36747.78
2021-10-08T15:00:00,36882.6
2021-10-07T15:00:00,36576.26
2021-10-06T15:00:00,36303.27
2021-10-05T15:00:00,34917.83
2021-10-04T15:00:00,34123.78
2021-10-01T15:00:00,32818.41
2021-09-30T15:00:00,30398.83
2021-09-29T15:00:00,30013.13
2021-09-28T15:00:00,29460.13
2021-09-27T15:00:00,31102.21
2021-09-24T15:00:00,30381
2021-09-23T15:00:00,32302.85
2021-09-22T15:00:00,30611.67
2021-09-21T15:00:00,30941.52
2021-09-20T15:00:00,31774.99
2021-09-17T15:00:00,35284.69
2021-09-16T15:00:00,36147.21
2021-09-15T15:00:00,35953.31
2021-09-14T15:00:00,35000.45
2021-09-13T15:00:00,33196.6
2021-09-10T15:00:00,33795.14
2021-09-09T15:00:00,36003.16
2021-09-08T15:00:00,34307.78
2021-09-07T15:00:00,37437.1
2021-09-06T15:00:00,40067.96
2021-09-03T15:00:00,38536.62
2021-09-02T15:00:00,37289.5
2021-09-01T15:00:00,35309
2021-08-31T15:00:00,35030.92
2021-08-27T15:00:00,32726.5
2021-08-26T15:00:00,31806.89
2021-08-25T15:00:00,32147.09
2021-08-24T15:00:00,33102.43
2021-08-23T15:00:00,34307.14
2021-08-20T15:00:00,33185.5
2021-08-19T15:00:00,30829.49
2021-08-18T15:00:00,30741.63
2021-08-17T15:00:00,31728.47
2021-08-16T15:00:00,31875.92
2021-08-13T15:00:00,30290.66
2021-08-12T15:00:00,28474.13
2021-08-11T15:00:00,30148.89
2021-08-10T15:00:00,28699.19
2021-08-09T15:00:00,28472.68
2021-08-06T15:00:00,25849.73
2021-08-05T15:00:00,25151.3
2021-08-04T15:00:00,24684.73
2021-08-03T15:00:00,24126.71
2021-08-02T15:00:00,24751.22
2021-07-30T15:00:00,22905.62
2021-07-29T15:00:00,23000.9
2021-07-28T15:00:00,22790.69
2021-07-27T15:00:00,22385.98
2021-07-26T15:00:00,22934.89
2021-07-23T15:00:00,20119.76
2021-07-22T15:00:00,19680.37
2021-07-21T15:00:00,19140.07
2021-07-20T15:00:00,17542.52
2021-07-19T15:00:00,18386.23
2021-07-16T15:00:00,19515.37
2021-07-15T15:00:00,19679.99
2021-07-14T15:00:00,20558.35
2021-07-13T15:00:00,20490.11
2021-07-12T15:00:00,21534.51
2021-07-09T15:00:00,21699.63
2021-07-08T15:00:00,21214.41
2021-07-07T15:00:00,23061.78
2021-07-06T15:00:00,22506.43
2021-07-05T15:00:00,21868.46
2021-07-02T15:00:00,21149.43
2021-07-01T15:00:00,21188.1
2021-06-30T15:00:00,21685.74
2021-06-29T15:00:00,22860.06
2021-06-28T15:00:00,20974.68
2021-06-25T15:00:00,19924.19
2021-06-24T15:00:00,20797.36
2021-06-23T15:00:00,20731.41
2021-06-22T15:00:00,17742.82
2021-06-21T15:00:00,20726.23
2021-06-18T15:00:00,23655.07
2021-06-17T15:00:00,25121.45
2021-06-16T15:00:00,25211.94
2021-06-15T15:00:00,26113.55
2021-06-14T15:00:00,26195.82
2021-06-11T15:00:00,25057.37
2021-06-10T15:00:00,25587.34
2021-06-09T15:00:00,25000.07
2021-06-08T15:00:00,23231.6
2021-06-07T15:00:00,27119.32
2021-06-04T15:00:00,26389.53
2021-06-03T15:00:00,27965.09
2021-06-02T15:00:00,27190.79
2021-06-01T15:00:00,26182.49
2021-05-28T15:00:00,25625.17
2021-05-27T15:00:00,28439.14
2021-05-26T15:00:00,27333.23
2021-05-25T15:00:00,25688.3
2021-05-24T15:00:00,24710.53
2021-05-21T15:00:00,27115.68
2021-05-20T15:00:00,30209.73
2021-05-19T15:00:00,26065.68
2021-05-18T15:00:00,34605.13
2021-05-17T15:00:00,35119.44
2021-05-14T15:00:00,39714.45
2021-05-13T15:00:00,38449.15
2021-05-12T15:00:00,42625.78
2021-05-11T15:00:00,40186.3
2021-05-10T15:00:00,41263.3
2021-05-07T15:00:00,39815.4
2021-05-06T15:00:00,39278.08
2021-05-05T15:00:00,37076.75
2021-05-04T15:00:00,36342.36
2021-04-30T15:00:00,32875.28
2021-04-29T15:00:00,32210.89
2021-04-28T15:00:00,32188.57
2021-04-27T15:00:00,31584.68
2021-04-26T15:00:00,30514.86
2021-04-23T15:00:00,27634.38
2021-04-22T15:00:00,31526.36
2021-04-21T15:00:00,30832.3
2021-04-20T15:00:00,29955.13
2021-04-19T15:00:00,30122.53
2021-04-16T15:00:00,32200.18
2021-04-15T15:00:00,32853.06
2021-04-14T15:00:00,31150.86
2021-04-13T15:00:00,30787.23
2021-04-12T15:00:00,29346.15
2021-04-09T15:00:00,28245.52
2021-04-08T15:00:00,27742.31
2021-04-07T15:00:00,27270.43
2021-04-06T15:00:00,27844.15
2021-04-01T15:00:00,25886.31
2021-03-31T15:00:00,24932.05
2021-03-30T15:00:00,24931.39
2021-03-29T15:00:00,24489.39
2021-03-26T16:00:00,22540.59
2021-03-25T16:00:00,21344.98
2021-03-24T16:00:00,23678.96
2021-03-23T16:00:00,23290.58
2021-03-22T16:00:00,24397.83
2021-03-19T16:00:00,24622.66
2021-03-18T16:00:00,24631.33
2021-03-17T16:00:00,23378.43
2021-03-16T16:00:00,23533.52
2021-03-15T16:00:00,23414.85
2021-03-12T16:00:00,23402.76
2021-03-11T16:00:00,23727.38
2021-03-10T16:00:00,24239.9
2021-03-09T16:00:00,23816.34
2021-03-08T16:00:00,22725.33
2021-03-05T16:00:00,20891.33
2021-03-04T16:00:00,21656.96
2021-03-03T16:00:00,22087.24
2021-03-02T16:00:00,21602.85
2021-03-01T16:00:00,21359.78
2021-02-26T16:00:00,20479.46
2021-02-25T16:00:00,21978.69
2021-02-24T16:00:00,21375.69
2021-02-23T16:00:00,20663.53
2021-02-22T16:00:00,22812.48
2021-02-19T16:00:00,24157.9
2021-02-18T16:00:00,23682.35
2021-02-17T16:00:00,23123.63
2021-02-16T16:00:00,22863.83
2021-02-15T16:00:00,22535.3
2021-02-12T16:00:00,21697
2021-02-11T16:00:00,21636.67
2021-02-10T16:00:00,19788.57
2021-02-09T16:00:00,20031.03
2021-02-08T16:00:00,19338.03
2021-02-05T16:00:00,17750.04
2021-02-04T16:00:00,16194.81
2021-02-03T16:00:00,16306.37
2021-02-02T16:00:00,15351.32
2021-02-01T16:00:00,14416.6
2021-01-29T16:00:00,14832.43
2021-01-28T16:00:00,13912.43
2021-01-27T16:00:00,12897.83
2021-01-26T16:00:00,13320.08
2021-01-25T16:00:00,14462.21
2021-01-22T16:00:00,13254.84
2021-01-21T16:00:00,12759.34
2021-01-20T16:00:00,13623.68
2021-01-19T16:00:00,14728.06
2021-01-18T16:00:00,14029.76
2021-01-15T16:00:00,13057.84
2021-01-14T16:00:00,13564.21
2021-01-13T16:00:00,12178.21
2021-01-12T16:00:00,11866
2021-01-11T16:00:00,11192.26
2021-01-08T16:00:00,13221.9
2021-01-07T16:00:00,13436.51
2021-01-06T16:00:00,12566.92
2021-01-05T16:00:00,11157.24
2021-01-04T16:00:00,10742.14
2020-12-31T16:00:00,8773.98
2020-12-30T16:00:00,8690.99
2020-12-29T16:00:00,8382.77
2020-12-24T16:00:00,7300.39
2020-12-23T16:00:00,7413.56
2020-12-22T16:00:00,7673.65
2020-12-21T16:00:00,7578
2020-12-18T16:00:00,7680.61
2020-12-17T16:00:00,8000.28
2020-12-16T16:00:00,7361.47
2020-12-15T16:00:00,6968.84
2020-12-14T16:00:00,6927.34
2020-12-11T16:00:00,6524.67
2020-12-10T16:00:00,6549.93
2020-12-09T16:00:00,6657.43
2020-12-08T16:00:00,6810.23
2020-12-07T16:00:00,7036.23
2020-12-04T16:00:00,7031.72
2020-12-03T16:00:00,7302.95
2020-12-02T16:00:00,7057.1
2020-12-01T16:00:00,7276.03
2020-11-30T16:00:00,7318.93
2020-11-27T16:00:00,6238.59
2020-11-26T16:00:00,6298.31
2020-11-25T16:00:00,7564.98
2020-11-24T16:00:00,7333.54
2020-11-23T16:00:00,6758.69
2020-11-20T16:00:00,6014.03
2020-11-19T16:00:00,5804.03
2020-11-18T16:00:00,5659.37
2020-11-17T16:00:00,5645.61
2020-11-16T16:00:00,5458.61
2020-11-13T16:00:00,5434.67
2020-11-12T16:00:00,5336.34
2020-11-11T16:00:00,5333.91
2020-11-10T16:00:00,5172.8
2020-11-09T16:00:00,5130.56
2020-11-06T16:00:00,5215.96
2020-11-05T16:00:00,4956.39
2020-11-04T16:00:00,4621.75
2020-11-03T16:00:00,4639.91
2020-11-02T16:00:00,4679.67
2020-10-30T16:00:00,4651.99
2020-10-29T16:00:00,4764.12
2020-10-28T16:00:00,4732.84
2020-10-27T16:00:00,4910.09
2020-10-26T16:00:00,4827.55
2020-10-23T15:00:00,4936.53
2020-10-22T15:00:00,4933.57
2020-10-21T15:00:00,4752.19
2020-10-20T15:00:00,4538.21
2020-10-19T15:00:00,4615.73
2020-10-16T15:00:00,4445.24
2020-10-15T15:00:00,4516.53
2020-10-14T15:00:00,4605.46
2020-10-13T15:00:00,4573.97
2020-10-12T15:00:00,4619.88
2020-10-09T15:00:00,4383.47
2020-10-08T15:00:00,4241.98
2020-10-07T15:00:00,4181.56
2020-10-06T15:00:00,4202.38
2020-10-05T15:00:00,4287.64
2020-10-02T15:00:00,4177.29
2020-10-01T15:00:00,4434.75
2020-09-30T15:00:00,4350.09
2020-09-29T15:00:00,4344.59
2020-09-28T15:00:00,4415.34
2020-09-25T15:00:00,4189.43
2020-09-24T15:00:00,4044.94
2020-09-23T15:00:00,4101.47
2020-09-22T15:00:00,4116.66
2020-09-21T15:00:00,4080.22
2020-09-18T15:00:00,4519.94
2020-09-17T15:00:00,4464.15
2020-09-16T15:00:00,4407.64
2020-09-15T15:00:00,4455.31
2020-09-14T15:00:00,4482.72
2020-09-11T15:00:00,4395.07
2020-09-10T15:00:00,4492.5
2020-09-09T15:00:00,4286.89
2020-09-08T15:00:00,4205.8
2020-09-07T15:00:00,4160.16
2020-09-04T15:00:00,4456.33
2020-09-03T15:00:00,4781.02
2020-09-02T15:00:00,5070.67
2020-09-01T15:00:00,5416.67
2020-08-28T15:00:00,4998.35
2020-08-27T15:00:00,4916.75
2020-08-26T15:00:00,5056.3
2020-08-25T15:00:00,5061.58
2020-08-24T15:00:00,5253.26
2020-08-21T15:00:00,5159.03
2020-08-20T15:00:00,5267.18
2020-08-19T15:00:00,5275.78
2020-08-18T15:00:00,5349.56
2020-08-17T15:00:00,5513.98
2020-08-14T15:00:00,5293.53
2020-08-13T15:00:00,5079.21
2020-08-12T15:00:00,5083.71
2020-08-11T15:00:00,5042.3
2020-08-10T15:00:00,5184.76
2020-08-07T15:00:00,4983.7
2020-08-06T15:00:00,5063.47
2020-08-05T15:00:00,5009.71
2020-08-04T15:00:00,4899.87
2020-08-03T15:00:00,4939.51
2020-07-31T15:00:00,4612.87
2020-07-30T15:00:00,4425.33
2020-07-29T15:00:00,4461
2020-07-28T15:00:00,4392.35
2020-07-27T15:00:00,4270.48
2020-07-24T15:00:00,3979.84
2020-07-23T15:00:00,3997.75
2020-07-22T15:00:00,3798.28
2020-07-21T15:00:00,3793.26
2020-07-20T15:00:00,3759.11
2020-07-17T15:00:00,3794.79
2020-07-16T15:00:00,3713.56
2020-07-15T15:00:00,3829.14
2020-07-14T15:00:00,3734.8
2020-07-13T15:00:00,3851.13
2020-07-10T15:00:00,3612.83
2020-07-09T15:00:00,3744.46
2020-07-08T15:00:00,3733.74
2020-07-07T15:00:00,3551.2
2020-07-06T15:00:00,3460.17
2020-07-03T15:00:00,3323.69
2020-07-02T15:00:00,3352.56
2020-07-01T15:00:00,3319.45
2020-06-30T15:00:00,3277.87
2020-06-29T15:00:00,3235.43
2020-06-26T15:00:00,3320.89
2020-06-25T15:00:00,3384.83
2020-06-24T15:00:00,3419.4
2020-06-23T15:00:00,3520.98
2020-06-22T15:00:00,3454.34
2020-06-19T15:00:00,3398.6
2020-06-18T15:00:00,3404.21
2020-06-17T15:00:00,3416.81
2020-06-16T15:00:00,3420.43
2020-06-15T15:00:00,3307.03
2020-06-12T15:00:00,3481.26
2020-06-11T15:00:00,3537.55
2020-06-10T15:00:00,3606.54
2020-06-09T15:00:00,3604.38
2020-06-08T15:00:00,3598.29
2020-06-05T15:00:00,3621
2020-06-04T15:00:00,3651.85
2020-06-03T15:00:00,3582.27
2020-06-02T15:00:00,3718.1
2020-06-01T15:00:00,3566.81
2020-05-29T15:00:00,3399.33
2020-05-28T15:00:00,3323.75
2020-05-27T15:00:00,3260.02
2020-05-26T15:00:00,3177.37
2020-05-22T15:00:00,3240
2020-05-21T15:00:00,3198
2020-05-20T15:00:00,3417.16
2020-05-19T15:00:00,3373.93
2020-05-18T15:00:00,3385.99
2020-05-15T15:00:00,3282.84
2020-05-14T15:00:00,3289.89
2020-05-13T15:00:00,3183.71
2020-05-12T15:00:00,3119.38
2020-05-11T15:00:00,3070.28
2020-05-07T15:00:00,3371.19
2020-05-06T15:00:00,3364.09
2020-05-05T15:00:00,3296.81
2020-05-04T15:00:00,3307
2020-05-01T15:00:00,3300.91
2020-04-30T15:00:00,3313.82
2020-04-29T15:00:00,3252.05
2020-04-28T15:00:00,3054.24
2020-04-27T15:00:00,2975.71
2020-04-24T15:00:00,2900.22
2020-04-23T15:00:00,2925.59
2020-04-22T15:00:00,2751.87
2020-04-21T15:00:00,2619.49
2020-04-20T15:00:00,2713.05
2020-04-17T15:00:00,2635.65
2020-04-16T15:00:00,2628.34
2020-04-15T15:00:00,2492.1
2020-04-14T15:00:00,2548.19
2020-04-09T15:00:00,2723.39
2020-04-08T15:00:00,2670.72
2020-04-07T15:00:00,2688.89
2020-04-06T15:00:00,2535.27
2020-04-03T15:00:00,2356.44
2020-04-02T15:00:00,2311.56
2020-04-01T15:00:00,2197.59
2020-03-31T15:00:00,2241.66
2020-03-30T15:00:00,2215.54
2020-03-27T16:00:00,2310.83
2020-03-26T16:00:00,2279.16
2020-03-25T16:00:00,2291.47
2020-03-24T16:00:00,2278.71
2020-03-23T16:00:00,2184.24
2020-03-20T16:00:00,2367.45
2020-03-19T16:00:00,2121.97
2020-03-18T16:00:00,1916.11
2020-03-17T16:00:00,1949.05
2020-03-16T16:00:00,1873.81
2020-03-13T16:00:00,1977.55
2020-03-12T16:00:00,2215.17
2020-03-11T16:00:00,2948.06
2020-03-10T16:00:00,3053.18
2020-03-09T16:00:00,2924.45
2020-03-06T16:00:00,3591.27
2020-03-05T16:00:00,3559.76
2020-03-04T16:00:00,3435.93
2020-03-03T16:00:00,3452.13
2020-03-02T16:00:00,3480.35
2020-02-28T16:00:00,3400.32
2020-02-27T16:00:00,3486.9
2020-02-26T16:00:00,3446.21
2020-02-25T16:00:00,3734.98
2020-02-24T16:00:00,3944.11
2020-02-21T16:00:00,4003.65
2020-02-20T16:00:00,3897.93
2020-02-19T16:00:00,4220.1
2020-02-18T16:00:00,4062.12
2020-02-17T16:00:00,3855.29
2020-02-14T16:00:00,4313.47
2020-02-13T16:00:00,4255.63
2020-02-12T16:00:00,4160.56
2020-02-11T16:00:00,3867.41
2020-02-10T16:00:00,3787.2
2020-02-07T16:00:00,3678.12
2020-02-06T16:00:00,3607.62
2020-02-05T16:00:00,3480.69
2020-02-04T16:00:00,3303.86
2020-02-03T16:00:00,3345.88
2020-01-31T16:00:00,3228.28
2020-01-30T16:00:00,3258.51
2020-01-29T16:00:00,3241.13
2020-01-28T16:00:00,3136.56
2020-01-27T16:00:00,3073.04
2020-01-24T16:00:00,2911.38
2020-01-23T16:00:00,2899.6
2020-01-22T16:00:00,3000.11
2020-01-21T16:00:00,3013.84
2020-01-20T16:00:00,2979.87
2020-01-17T16:00:00,3035.17
2020-01-16T16:00:00,2889.81
2020-01-15T16:00:00,2908.09
2020-01-14T16:00:00,2787.66
2020-01-13T16:00:00,2564.1
2020-01-10T16:00:00,2530.09
2020-01-09T16:00:00,2478.53
2020-01-08T16:00:00,2550.32
2020-01-07T16:00:00,2488.37
2020-01-06T16:00:00,2479.62
2020-01-03T16:00:00,2321.76
2020-01-02T16:00:00,2281.59
2019-12-31T16:00:00,2304.37
2019-12-30T16:00:00,2322.64
2019-12-27T16:00:00,2283.19
2019-12-24T16:00:00,2293.84
2019-12-23T16:00:00,2377.34
2019-12-20T16:00:00,2278.49
2019-12-19T16:00:00,2256.77
2019-12-18T16:00:00,2198.57
2019-12-17T16:00:00,2201.67
2019-12-16T16:00:00,2366.67
2019-12-13T16:00:00,2428.37
2019-12-12T16:00:00,2389.36
2019-12-11T16:00:00,2399.38
2019-12-10T16:00:00,2412.25
2019-12-09T16:00:00,2506.17
2019-12-06T16:00:00,2436.25
2019-12-05T16:00:00,2417.9
2019-12-04T16:00:00,2470.72
2019-12-03T16:00:00,2462.02
2019-12-02T16:00:00,2450.36
2019-11-29T16:00:00,2546.29
2019-11-28T16:00:00,2499.04
2019-11-27T16:00:00,2365.89
2019-11-26T16:00:00,2306.62
2019-11-25T16:00:00,2346.94
2019-11-22T16:00:00,2344.49
2019-11-21T16:00:00,2532.38
2019-11-20T16:00:00,2725.66
2019-11-19T16:00:00,2707.47
2019-11-18T16:00:00,2810.47
2019-11-15T16:00:00,2815.1
2019-11-14T16:00:00,2885.96
2019-11-13T16:00:00,2900.35
2019-11-12T16:00:00,2836.72
2019-11-11T16:00:00,2868.92
2019-11-08T16:00:00,2799.16
2019-11-07T16:00:00,2904.87
2019-11-06T16:00:00,2912.52
2019-11-05T16:00:00,2902.44
2019-11-04T16:00:00,2835.73
2019-11-01T16:00:00,2751.37
2019-10-31T16:00:00,2750.67
2019-10-30T16:00:00,2721.69
2019-10-29T16:00:00,2801.8
2019-10-28T16:00:00,2777.96
2019-10-25T15:00:00,2441.54
2019-10-24T15:00:00,2389.92
2019-10-23T15:00:00,2344.32
2019-10-22T15:00:00,2538.46
2019-10-21T15:00:00,2549.14
2019-10-18T15:00:00,2476.61
2019-10-17T15:00:00,2528.43
2019-10-16T15:00:00,2479.32
2019-10-15T15:00:00,2617.64
2019-10-14T15:00:00,2619.92
2019-10-11T15:00:00,2624.88
2019-10-10T15:00:00,2671.37
2019-10-09T15:00:00,2684.33
2019-10-08T15:00:00,2567.26
2019-10-07T15:00:00,2544.09
2019-10-04T15:00:00,2494.59
2019-10-03T15:00:00,2469.84
2019-10-02T15:00:00,2498.77
2019-10-01T15:00:00,2528.53
2019-09-30T15:00:00,2489.9
2019-09-27T15:00:00,2396.73
2019-09-26T15:00:00,2430.47
2019-09-25T15:00:00,2451.14
2019-09-24T15:00:00,2772.74
2019-09-23T15:00:00,2948.98
2019-09-20T15:00:00,3056.68
2019-09-19T15:00:00,2995.35
2019-09-18T15:00:00,3120.9
2019-09-17T15:00:00,2948.28
2019-09-16T15:00:00,2857.08
2019-09-13T15:00:00,2800.99
2019-09-12T15:00:00,2806.03
2019-09-11T15:00:00,2765.24
2019-09-10T15:00:00,2823.84
2019-09-09T15:00:00,2858.32
2019-09-06T15:00:00,2852.16
2019-09-05T15:00:00,2798.69
2019-09-04T15:00:00,2813.21
2019-09-03T15:00:00,2878.25
2019-09-02T15:00:00,2754.89
2019-08-30T15:00:00,2687.29
2019-08-29T15:00:00,2645.84
2019-08-28T15:00:00,2889.51
2019-08-27T15:00:00,2907.56
2019-08-23T15:00:00,2977.98
2019-08-22T15:00:00,2893.4
2019-08-21T15:00:00,2827.4
2019-08-20T15:00:00,3007.33
2019-08-19T15:00:00,3053.9
2019-08-16T15:00:00,2890.22
2019-08-15T15:00:00,2865.24
2019-08-14T15:00:00,3076.05
2019-08-13T15:00:00,3133.41
2019-08-12T15:00:00,3240.21
2019-08-09T15:00:00,3247.69
2019-08-08T15:00:00,3342.64
2019-08-07T15:00:00,3427.44
2019-08-06T15:00:00,3411.87
2019-08-05T15:00:00,3438.9
2019-08-02T15:00:00,3251.43
2019-08-01T15:00:00,3174.16
2019-07-31T15:00:00,3196.01
2019-07-30T15:00:00,3078.7
2019-07-29T15:00:00,3067.77
2019-07-26T15:00:00,3150.17
2019-07-25T15:00:00,3189.54
2019-07-24T15:00:00,3129.73
2019-07-23T15:00:00,3125.02
2019-07-22T15:00:00,3274.04
2019-07-19T15:00:00,3181.39
2019-07-18T15:00:00,3079.01
2019-07-17T15:00:00,3007.63
2019-07-16T15:00:00,3166.39
2019-07-15T15:00:00,3252.84
2019-07-12T15:00:00,3729.27
2019-07-11T15:00:00,3705.38
2019-07-10T15:00:00,4073.54
2019-07-09T15:00:00,4130.55
2019-07-08T15:00:00,4060.63
2019-07-05T15:00:00,3914.73
2019-07-04T15:00:00,4005.69
2019-07-03T15:00:00,3933.9
2019-07-02T15:00:00,3719.64
2019-07-01T15:00:00,3781.93
2019-06-28T15:00:00,4053.47
2019-06-27T15:00:00,4097.43
2019-06-26T15:00:00,4582.14
2019-06-25T15:00:00,4220.73
2019-06-24T15:00:00,4137.37
2019-06-21T15:00:00,3830.38
2019-06-20T15:00:00,3697.06
2019-06-19T15:00:00,3677.72
2019-06-18T15:00:00,3696.75
2019-06-17T15:00:00,3773.62
2019-06-14T15:00:00,3517.43
2019-06-13T15:00:00,3535.85
2019-06-12T15:00:00,3452.06
2019-06-11T15:00:00,3341.11
2019-06-10T15:00:00,3395
2019-06-07T15:00:00,3461.24
2019-06-06T15:00:00,3330.42
2019-06-05T15:00:00,3348.23
2019-06-04T15:00:00,3466
2019-06-03T15:00:00,3627.91
2019-05-31T15:00:00,3594.2
2019-05-30T15:00:00,3844.5
2019-05-29T15:00:00,3770.83
2019-05-28T15:00:00,3696.83
2019-05-24T15:00:00,3419.92
2019-05-23T15:00:00,3280.49
2019-05-22T15:00:00,3386.81
2019-05-21T15:00:00,3407.61
2019-05-20T15:00:00,3340.49
2019-05-17T15:00:00,3194.12
2019-05-16T15:00:00,3476.77
2019-05-15T15:00:00,3318.72
2019-05-14T15:00:00,3127.51
2019-05-13T15:00:00,2910
2019-05-10T15:00:00,2555.48
2019-05-09T15:00:00,2531.61
2019-05-08T15:00:00,2537.02
2019-05-07T15:00:00,2549.08
2019-05-03T15:00:00,2579.5
2019-05-02T15:00:00,2427.08
2019-05-01T15:00:00,2421.02
2019-04-30T15:00:00,2404.23
2019-04-29T15:00:00,2335.86
2019-04-26T15:00:00,2342.49
2019-04-25T15:00:00,2469.14
2019-04-24T15:00:00,2482.3
2019-04-23T15:00:00,2625.06
2019-04-18T15:00:00,2585.17
2019-04-17T15:00:00,2532.21
2019-04-16T15:00:00,2466.97
2019-04-15T15:00:00,2534.59
2019-04-12T15:00:00,2484.94
2019-04-11T15:00:00,2448.46
2019-04-10T15:00:00,2673.27
2019-04-09T15:00:00,2634.54
2019-04-08T15:00:00,2644.43
2019-04-05T15:00:00,2528.33
2019-04-04T15:00:00,2502.23
2019-04-03T15:00:00,2570.98
2019-04-02T15:00:00,2364.8
2019-04-01T15:00:00,2125.12
2019-03-29T16:00:00,2094.51
2019-03-28T16:00:00,2055.72
2019-03-27T16:00:00,2052.58
2019-03-26T16:00:00,1966.3
2019-03-25T16:00:00,1990.24
2019-03-22T16:00:00,2014.42
2019-03-21T16:00:00,1967.25
2019-03-20T16:00:00,2010.18
2019-03-19T16:00:00,1990.61
2019-03-18T16:00:00,1982.13
2019-03-15T16:00:00,1950.93
2019-03-14T16:00:00,1897.87
2019-03-13T16:00:00,1892
2019-03-12T16:00:00,1911.32
2019-03-11T16:00:00,1874.28
2019-03-08T16:00:00,1887.28
2019-03-07T16:00:00,1887.32
2019-03-06T16:00:00,1881.76
2019-03-05T16:00:00,1851.7
2019-03-04T16:00:00,1764.36
2019-03-01T16:00:00,1859.65
2019-02-28T16:00:00,1863.59
2019-02-27T16:00:00,1865.72
2019-02-26T16:00:00,1871.05
2019-02-25T16:00:00,1841.81
2019-02-22T16:00:00,1938.15
2019-02-21T16:00:00,1908.32
2019-02-20T16:00:00,1928.33
2019-02-19T16:00:00,1937.91
2019-02-18T16:00:00,1848.22
2019-02-15T16:00:00,1656.02
2019-02-14T16:00:00,1659.63
2019-02-13T16:00:00,1652.3
2019-02-12T16:00:00,1649.94
2019-02-11T16:00:00,1661.91
2019-02-08T16:00:00,1567.37
2019-02-07T16:00:00,1494.18
2019-02-06T16:00:00,1478
2019-02-05T16:00:00,1521.11
2019-02-04T16:00:00,1525.19
2019-02-01T16:00:00,1542.26
2019-01-31T16:00:00,1528.03
2019-01-30T16:00:00,1565.61
2019-01-29T16:00:00,1527.85
2019-01-28T16:00:00,1507.65
2019-01-25T16:00:00,1637.74
2019-01-24T16:00:00,1645.59
2019-01-23T16:00:00,1651.33
2019-01-22T16:00:00,1657.06
2019-01-21T16:00:00,1620.2
2019-01-18T16:00:00,1667.59
2019-01-17T16:00:00,1652.69
2019-01-16T16:00:00,1659.68
2019-01-15T16:00:00,1674.64
2019-01-14T16:00:00,1636.9
2019-01-11T16:00:00,1699.34
2019-01-10T16:00:00,1762.01
2019-01-09T16:00:00,1921.7
2019-01-08T16:00:00,1945.08
2019-01-07T16:00:00,1892.19
2019-01-04T16:00:00,1785.43
2019-01-03T16:00:00,1825.06
2019-01-02T16:00:00,1850.83
2018-12-31T16:00:00,1762.48
2018-12-28T16:00:00,1683.07
2018-12-27T16:00:00,1703.5
2018-12-24T16:00:00,2009.99
2018-12-21T16:00:00,1701.75
2018-12-20T16:00:00,1652.05
2018-12-19T16:00:00,1582.23
2018-12-18T16:00:00,1459.31
2018-12-17T16:00:00,1378.02
2018-12-14T16:00:00,1297.8
2018-12-13T16:00:00,1386.24
2018-12-12T16:00:00,1397.71
2018-12-11T16:00:00,1351.34
2018-12-10T16:00:00,1380.72
2018-12-07T16:00:00,1342.06
2018-12-06T16:00:00,1481.51
2018-12-05T16:00:00,1585.36
2018-12-04T16:00:00,1691.04
2018-12-03T16:00:00,1625.03
2018-11-30T16:00:00,1670.27
2018-11-29T16:00:00,1768.49
2018-11-28T16:00:00,1767.43
2018-11-27T16:00:00,1544.35
2018-11-26T16:00:00,1588.13
2018-11-23T16:00:00,1812.05
2018-11-22T16:00:00,1926.6
2018-11-21T16:00:00,1963.3
2018-11-20T16:00:00,2083.22
2018-11-19T16:00:00,2245.22
2018-11-16T16:00:00,2478.86
2018-11-15T16:00:00,2433.41
2018-11-14T16:00:00,2701.62
2018-11-13T16:00:00,2886.01
2018-11-12T16:00:00,2888.34
2018-11-09T16:00:00,2857.67
2018-11-08T16:00:00,2921.3
2018-11-07T16:00:00,2929.77
2018-11-06T16:00:00,2926.1
2018-11-05T16:00:00,2849.48
2018-11-02T16:00:00,2761.07
2018-11-01T16:00:00,2698.61
2018-10-31T16:00:00,2669.75
2018-10-30T16:00:00,2677.81
2018-10-29T16:00:00,2686.47
2018-10-26T15:00:00,2769.59
2018-10-25T15:00:00,2771.06
2018-10-24T15:00:00,2798.88
2018-10-23T15:00:00,2774.57
2018-10-22T15:00:00,2800.41
2018-10-19T15:00:00,2782.41
2018-10-18T15:00:00,2827.23
2018-10-17T15:00:00,2826.26
2018-10-16T15:00:00,2829.9
2018-10-15T15:00:00,2830.03
2018-10-12T15:00:00,2681
2018-10-11T15:00:00,2695.82
2018-10-10T15:00:00,2963.01
2018-10-09T15:00:00,2987.4
2018-10-08T15:00:00,3019.28
2018-10-05T15:00:00,2958.21
2018-10-04T15:00:00,2950.17
2018-10-03T15:00:00,2898.56
2018-10-02T15:00:00,2965.82
2018-10-01T15:00:00,2956.22
2018-09-28T15:00:00,2979.12
2018-09-27T15:00:00,2919.85
2018-09-26T15:00:00,2883.74
2018-09-25T15:00:00,2773.16
2018-09-24T15:00:00,2992.91
2018-09-21T15:00:00,3059.64
2018-09-20T15:00:00,2702.18
2018-09-19T15:00:00,2625.83
2018-09-18T15:00:00,2657.88
2018-09-17T15:00:00,2647.97
2018-09-14T15:00:00,2600.84
2018-09-13T15:00:00,2652.07
2018-09-12T15:00:00,2434
2018-09-11T15:00:00,2517.51
2018-09-10T15:00:00,2568.43
2018-09-07T15:00:00,2715.75
2018-09-06T15:00:00,2745.99
2018-09-05T15:00:00,3016.09
2018-09-04T15:00:00,3278.43
2018-09-03T15:00:00,3246.26
2018-08-31T15:00:00,3096.48
2018-08-30T15:00:00,3081.56
2018-08-29T15:00:00,3234.44
2018-08-28T15:00:00,3173.81
2018-08-24T15:00:00,2911.23
2018-08-23T15:00:00,2886.55
2018-08-22T15:00:00,2999.3
2018-08-21T15:00:00,2891.81
2018-08-20T15:00:00,2968.04
2018-08-17T15:00:00,2990.06
2018-08-16T15:00:00,2909.38
2018-08-15T15:00:00,2884.01
2018-08-14T15:00:00,2694.65
2018-08-13T15:00:00,3082.46
2018-08-10T15:00:00,3282.32
2018-08-09T15:00:00,3317.15
2018-08-08T15:00:00,3298.4
2018-08-07T15:00:00,3758.39
2018-08-06T15:00:00,3701.69
2018-08-03T15:00:00,3852.43
2018-08-02T15:00:00,3872.83
2018-08-01T15:00:00,3996.61
2018-07-31T15:00:00,4018.96
2018-07-30T15:00:00,4297.91
2018-07-27T15:00:00,4229.35
2018-07-26T15:00:00,4450.55
2018-07-25T15:00:00,4370.07
2018-07-24T15:00:00,4408.86
2018-07-23T15:00:00,4221.17
2018-07-20T15:00:00,4188.82
2018-07-19T15:00:00,4263.31
2018-07-18T15:00:00,4389.06
2018-07-17T15:00:00,3966.82
2018-07-16T15:00:00,3914.7
2018-07-13T15:00:00,3617.14
2018-07-12T15:00:00,3569.53
2018-07-11T15:00:00,3667.66
2018-07-10T15:00:00,3667.07
2018-07-09T15:00:00,3973.16
2018-07-06T15:00:00,3893.64
2018-07-05T15:00:00,3922.9
2018-07-04T15:00:00,4029.37
2018-07-03T15:00:00,3943.42
2018-07-02T15:00:00,3940.98
2018-06-29T15:00:00,3429.77
2018-06-28T15:00:00,3644.48
2018-06-27T15:00:00,3592.24
2018-06-26T15:00:00,3706.98
2018-06-25T15:00:00,3817.26
2018-06-22T15:00:00,3859.3
2018-06-21T15:00:00,4274.2
2018-06-20T15:00:00,4328.28
2018-06-19T15:00:00,4313.44
2018-06-18T15:00:00,4054.56
2018-06-15T15:00:00,4089.26
2018-06-14T15:00:00,3979.96
2018-06-13T15:00:00,3944.93
2018-06-12T15:00:00,4286.71
2018-06-11T15:00:00,4252.18
2018-06-08T15:00:00,4918.21
2018-06-07T15:00:00,5003.64
2018-06-06T15:00:00,4983.99
2018-06-05T15:00:00,4814.51
2018-06-04T15:00:00,4835.09
2018-06-01T15:00:00,4749.62
2018-05-31T15:00:00,4792.15
2018-05-30T15:00:00,4721.05
2018-05-29T15:00:00,4677.43
2018-05-25T15:00:00,4840.34
2018-05-24T15:00:00,4772.07
2018-05-23T15:00:00,4967.49
2018-05-22T15:00:00,5395.7
2018-05-21T15:00:00,5547.86
2018-05-18T15:00:00,5307.54
2018-05-17T15:00:00,5576.54
2018-05-16T15:00:00,5430.79
2018-05-15T15:00:00,5777.8
2018-05-14T15:00:00,5895.51
2018-05-11T15:00:00,5645.47
2018-05-10T15:00:00,6394.85
2018-05-09T15:00:00,6280.32
2018-05-08T15:00:00,6271.3
2018-05-04T15:00:00,6593.25
2018-05-03T15:00:00,6474.13
2018-05-02T15:00:00,6125.02
2018-05-01T15:00:00,5903.67
2018-04-30T15:00:00,6250.66
2018-04-27T15:00:00,6053.67
2018-04-26T15:00:00,5584.21
2018-04-25T15:00:00,5424.76
2018-04-24T15:00:00,5900.02
2018-04-23T15:00:00,5476.68
2018-04-20T15:00:00,5032.27
2018-04-19T15:00:00,4651.05
2018-04-18T15:00:00,4439.95
2018-04-17T15:00:00,4403.3
2018-04-16T15:00:00,4225.45
2018-04-13T15:00:00,4405.98
2018-04-12T15:00:00,4120.99
2018-04-11T15:00:00,3651.71
2018-04-10T15:00:00,3439.54
2018-04-09T15:00:00,3394.04
2018-04-06T15:00:00,3296.64
2018-04-05T15:00:00,3425.26
2018-04-04T15:00:00,3379.32
2018-04-03T15:00:00,3606.08
2018-03-29T15:00:00,3620.79
2018-03-28T15:00:00,3943.84
2018-03-27T15:00:00,4031.74
2018-03-26T15:00:00,4058.65
2018-03-23T16:00:00,4469.35
2018-03-22T16:00:00,4399.2
2018-03-21T16:00:00,4687.2
2018-03-20T16:00:00,4391.38
2018-03-19T16:00:00,4307.51
2018-03-16T16:00:00,4485.25
2018-03-15T16:00:00,4292
2018-03-14T16:00:00,4646.99
2018-03-13T16:00:00,4846.83
2018-03-12T16:00:00,4939.17
2018-03-09T16:00:00,4900.41
2018-03-08T16:00:00,5308.98
2018-03-07T16:00:00,5639.85
2018-03-06T16:00:00,5943.45
2018-03-05T16:00:00,6254.73
2018-03-02T16:00:00,6112.52
2018-03-01T16:00:00,6218.95
2018-02-28T16:00:00,6212.65
2018-02-27T16:00:00,6252.51
2018-02-26T16:00:00,6192.76
2018-02-23T16:00:00,6217.83
2018-02-22T16:00:00,5842.14
2018-02-21T16:00:00,6179.32
2018-02-20T16:00:00,6905.24
2018-02-19T16:00:00,6833.81
2018-02-16T16:00:00,6497.03
2018-02-15T16:00:00,6405.15
2018-02-14T16:00:00,6110.12
2018-02-13T16:00:00,5590.45
2018-02-12T16:00:00,5521.71
2018-02-09T16:00:00,5415.3
2018-02-08T16:00:00,5133.04
2018-02-07T16:00:00,5070.86
2018-02-06T16:00:00,4548.99
2018-02-05T16:00:00,4585.39
2018-02-02T16:00:00,5669.33
2018-02-01T16:00:00,6200.71
2018-01-31T16:00:00,6501.76
2018-01-30T16:00:00,6773.95
2018-01-29T16:00:00,7324.13
2018-01-26T16:00:00,6894.72
2018-01-25T16:00:00,6913.45
2018-01-24T16:00:00,6897.13
2018-01-23T16:00:00,6575.05
2018-01-22T16:00:00,6552.01
2018-01-19T16:00:00,6885.14
2018-01-18T16:00:00,7035.4
2018-01-17T16:00:00,5162.63
2018-01-16T16:00:00,7123.64
2018-01-15T16:00:00,8603.98
2018-01-12T16:00:00,8254.35
2018-01-11T16:00:00,7888.41
2018-01-10T16:00:00,8012.87
2018-01-09T16:00:00,7751.6
2018-01-08T16:00:00,7239.09
2018-01-05T16:00:00,7466.93
2018-01-04T16:00:00,7512.59
2018-01-03T16:00:00,6969.97
2018-01-02T16:00:00,6651.27
2017-12-29T16:00:00,5839.36
2017-12-28T16:00:00,5317.31
2017-12-27T16:00:00,5394.21
2017-12-22T16:00:00,4424.33
2017-12-21T16:00:00,5608.3
2017-12-20T16:00:00,5484.31
2017-12-19T16:00:00,5689.15
2017-12-18T16:00:00,5246.74
2017-12-15T16:00:00,5108.81
2017-12-14T16:00:00,4748.88
2017-12-13T16:00:00,4664.84
2017-12-12T16:00:00,4017.86
2017-12-11T16:00:00,3298.08
2017-12-08T16:00:00,3046.44
2017-12-07T16:00:00,2877.61
2017-12-06T16:00:00,2829.64
2017-12-05T16:00:00,2754.23
2017-12-04T16:00:00,2727.21
2017-12-01T16:00:00,2552.01
2017-11-30T16:00:00,2211.99
2017-11-29T16:00:00,2654.59
2017-11-28T16:00:00,2585.68
2017-11-27T16:00:00,2443.89
2017-11-24T16:00:00,2005.38
2017-11-23T16:00:00,1971.13
2017-11-22T16:00:00,1864.23
2017-11-21T16:00:00,1922.3
2017-11-20T16:00:00,1906.16
2017-11-17T16:00:00,1772.85
2017-11-16T16:00:00,1733.81
2017-11-15T16:00:00,1662.29
2017-11-14T16:00:00,1585.53
2017-11-13T16:00:00,1486.02
2017-11-10T16:00:00,1457.25
2017-11-09T16:00:00,1544.92
2017-11-08T16:00:00,1506.21
2017-11-07T16:00:00,1406.65
2017-11-06T16:00:00,1469.24
2017-11-03T16:00:00,1474.79
2017-11-02T16:00:00,1368.91
2017-11-01T16:00:00,1317.59
2017-10-31T16:00:00,1319.79
2017-10-30T16:00:00,1299.17
2017-10-27T15:00:00,1243.73
2017-10-26T15:00:00,1271.68
2017-10-25T15:00:00,1226.13
2017-10-24T15:00:00,1278.27
2017-10-23T15:00:00,1207.1
2017-10-20T15:00:00,1308.36
2017-10-19T15:00:00,1302.17
2017-10-18T15:00:00,1204.49
2017-10-17T15:00:00,1326.37
2017-10-16T15:00:00,1370.62
2017-10-13T15:00:00,1351.69
2017-10-12T15:00:00,1239.92
2017-10-11T15:00:00,1176.09
2017-10-10T15:00:00,1187.37
2017-10-09T15:00:00,1183.92
2017-10-06T15:00:00,1169.09
2017-10-05T15:00:00,1146.25
2017-10-04T15:00:00,1137.79
2017-10-03T15:00:00,1137.69
2017-10-02T15:00:00,1186.23
2017-09-29T15:00:00,1158.07
2017-09-28T15:00:00,1170.48
2017-09-27T15:00:00,1147.56
2017-09-26T15:00:00,1119.43
2017-09-25T15:00:00,1087.31
2017-09-22T15:00:00,991.1
2017-09-21T15:00:00,1085.01
2017-09-20T15:00:00,1126.32
2017-09-19T15:00:00,1120.05
2017-09-18T15:00:00,1154.01
2017-09-15T15:00:00,1030.65
2017-09-14T15:00:00,1019.58
2017-09-13T15:00:00,1120.02
2017-09-12T15:00:00,1286.24
2017-09-11T15:00:00,1275.54
2017-09-08T15:00:00,1322.04
2017-09-07T15:00:00,1457.86
2017-09-06T15:00:00,1411.35
2017-09-05T15:00:00,1318.41
2017-09-04T15:00:00,1288.45
2017-09-01T15:00:00,1544.59
2017-08-31T15:00:00,1431.05
2017-08-30T15:00:00,1377.59
2017-08-29T15:00:00,1355.35
2017-08-25T15:00:00,1237.71
2017-08-24T15:00:00,1216.54
2017-08-23T15:00:00,1185.33
2017-08-22T15:00:00,1119.67
2017-08-21T15:00:00,1170.28
2017-08-18T15:00:00,1144.94
2017-08-17T15:00:00,1166.48
2017-08-16T15:00:00,1124.13
2017-08-15T15:00:00,1061.45
2017-08-14T15:00:00,1144.22
2017-08-11T15:00:00,1092.47
2017-08-10T15:00:00,1102.16
2017-08-09T15:00:00,1050.88
2017-08-08T15:00:00,1060.4
2017-08-07T15:00:00,1039.74
2017-08-04T15:00:00,915.38
2017-08-03T15:00:00,902.7
2017-08-02T15:00:00,881.35
2017-08-01T15:00:00,877.47
2017-07-31T15:00:00,851.72
2017-07-28T15:00:00,853.32
2017-07-27T15:00:00,846.6
2017-07-26T15:00:00,835.06
2017-07-25T15:00:00,860.34
2017-07-24T15:00:00,933.4
2017-07-21T15:00:00,926.64
2017-07-20T15:00:00,902.54
2017-07-19T15:00:00,845.56
2017-07-18T15:00:00,843.15
2017-07-17T15:00:00,749.98
2017-07-14T15:00:00,819.97
2017-07-13T15:00:00,870.67
2017-07-12T15:00:00,868.78
2017-07-11T15:00:00,832.73
2017-07-10T15:00:00,871.47
2017-07-07T15:00:00,927.07
2017-07-06T15:00:00,987.96
2017-07-05T15:00:00,966.8
2017-07-04T15:00:00,1015.25
2017-07-03T15:00:00,980.04
2017-06-30T15:00:00,958.8
2017-06-29T15:00:00,967.77
2017-06-28T15:00:00,978.93
2017-06-27T15:00:00,800.6
2017-06-26T15:00:00,902.34
2017-06-23T15:00:00,1068.09
2017-06-22T15:00:00,1057.62
2017-06-21T15:00:00,1060.29
2017-06-20T15:00:00,1114.1
2017-06-19T15:00:00,1117.49
2017-06-16T15:00:00,956.62
2017-06-15T15:00:00,808.24
2017-06-14T15:00:00,986.56
2017-06-13T15:00:00,1032.13
2017-06-12T15:00:00,1065.92
2017-06-09T15:00:00,906.72
2017-06-08T15:00:00,874.97
2017-06-07T15:00:00,907.11
2017-06-06T15:00:00,913.56
2017-06-05T15:00:00,846.24
2017-06-02T15:00:00,782.75
2017-06-01T15:00:00,806.76
2017-05-31T15:00:00,782.21
2017-05-30T15:00:00,744.72
2017-05-26T15:00:00,728.33
2017-05-25T15:00:00,857.25
2017-05-24T15:00:00,751.2
2017-05-23T15:00:00,603.12
2017-05-22T15:00:00,592.63
2017-05-19T15:00:00,487.95
2017-05-18T15:00:00,440.53
2017-05-17T15:00:00,420.83
2017-05-16T15:00:00,413.05
2017-05-15T15:00:00,430.8
2017-05-12T15:00:00,437.26
2017-05-11T15:00:00,452.54
2017-05-10T15:00:00,459.43
2017-05-09T15:00:00,421.96
2017-05-08T15:00:00,429.03
2017-05-05T15:00:00,447.9
2017-05-04T15:00:00,419.4
2017-05-03T15:00:00,377.97
2017-05-02T15:00:00,364.84
2017-04-28T15:00:00,303.31
2017-04-27T15:00:00,296.2
2017-04-26T15:00:00,281.53
2017-04-25T15:00:00,266.61
2017-04-24T15:00:00,264.27
2017-04-21T15:00:00,238.5
2017-04-20T15:00:00,234.96
2017-04-19T15:00:00,226.5
2017-04-18T15:00:00,223.9
2017-04-13T15:00:00,218.35
2017-04-12T15:00:00,215.77
2017-04-11T15:00:00,206.56
2017-04-10T15:00:00,205.48
2017-04-07T15:00:00,207.16
2017-04-06T15:00:00,216.01
2017-04-05T15:00:00,204.63
2017-04-04T15:00:00,199.59
2017-04-03T15:00:00,203.45
2017-03-31T15:00:00,198.2
2017-03-30T15:00:00,199.36
2017-03-29T15:00:00,183.31
2017-03-28T15:00:00,177.86
2017-03-27T15:00:00,176.23
2017-03-24T16:00:00,173.58
2017-03-23T16:00:00,161.66
2017-03-22T16:00:00,156.59
2017-03-21T16:00:00,163.35
2017-03-20T16:00:00,160.51
2017-03-17T16:00:00,168.39
2017-03-16T16:00:00,157.7
2017-03-15T16:00:00,137.6
2017-03-14T16:00:00,131.69
2017-03-13T16:00:00,135.25
2017-03-10T16:00:00,105.69
2017-03-09T16:00:00,102.26
2017-03-08T16:00:00,102.79
2017-03-07T16:00:00,107.68
2017-03-06T16:00:00,111.88
2017-03-03T16:00:00,110.47
2017-03-02T16:00:00,106.98
2017-03-01T16:00:00,100
